player_name,receptions_over_line,receptions_over_odds,receptions_under_line,receptions_under_odds,timestamp,rec_yards_over_line,rec_yards_over_odds,rec_yards_under_line,rec_yards_under_odds,timestamp,rec_tds_over_line,rec_tds_over_odds,rec_tds_under_line,rec_tds_under_odds,timestamp,rush_yards_over_line,rush_yards_over_odds,rush_yards_under_line,rush_yards_under_odds,timestamp,rush_tds_over_line,rush_tds_over_odds,rush_tds_under_line,rush_tds_under_odds,timestamp,pass_yards_over_line,pass_yards_over_odds,pass_yards_under_line,pass_yards_under_odds,timestamp,pass_tds_over_line,pass_tds_over_odds,pass_tds_under_line,pass_tds_under_odds,timestamp,qb_ints_over_line,qb_ints_over_odds,qb_ints_under_line,qb_ints_under_odds,timestamp
AJ Brown,75.5,-110,75.5,-110,2023-08-16 18:17:55.145871,1050.5,-110,1050.5,-110,2023-08-16 18:18:06.639870,7.5,-120,7.5,+100,2023-08-16 18:18:15.558373,,,,,,,,,,,,,,,,,,,,,,,,,
Brandon Aiyuk,59.5,-110,59.5,-110,2023-08-16 18:17:55.145871,775.5,-120,775.5,+100,2023-08-16 18:18:06.639870,4.5,-110,4.5,-110,2023-08-16 18:18:15.558373,,,,,,,,,,,,,,,,,,,,,,,,,
Marquez Valdes-Scantling,40.5,-120,40.5,+100,2023-08-16 18:17:55.145871,625.5,-130,625.5,+105,2023-08-16 18:18:06.639870,3.5,-110,3.5,-110,2023-08-16 18:18:15.558373,,,,,,,,,,,,,,,,,,,,,,,,,
Alec Pierce,42.5,-110,42.5,-110,2023-08-16 18:17:55.145871,575.5,-110,575.5,-110,2023-08-16 18:18:06.639870,,,,,,,,,,,,,,,,,,,,,,,,,,,,,,
Adam Thielen,55.5,+100,55.5,-120,2023-08-16 18:17:55.145871,550.5,+100,550.5,-120,2023-08-16 18:18:06.639870,4.5,+110,4.5,-130,2023-08-16 18:18:15.558373,,,,,,,,,,,,,,,,,,,,,,,,,
Allen Lazard,52.5,-110,52.5,-110,2023-08-16 18:17:55.145871,650.5,-110,650.5,-110,2023-08-16 18:18:06.639870,4.5,-110,4.5,-110,2023-08-16 18:18:15.558373,,,,,,,,,,,,,,,,,,,,,,,,,
Amari Cooper,72.5,-110,72.5,-110,2023-08-16 18:17:55.145871,950.5,-105,950.5,-115,2023-08-16 18:18:06.639870,6.5,-110,6.5,-110,2023-08-16 18:18:15.558373,,,,,,,,,,,,,,,,,,,,,,,,,
Brandin Cooks,62.5,+100,62.5,-120,2023-08-16 18:17:55.145871,775.5,-110,775.5,-110,2023-08-16 18:18:06.639870,,,,,,,,,,,,,,,,,,,,,,,,,,,,,,
Amon-Ra St Brown,95.5,-110,95.5,-110,2023-08-16 18:17:55.145871,1050.5,-115,1050.5,-105,2023-08-16 18:18:06.639870,5.5,-125,5.5,+105,2023-08-16 18:18:15.558373,,,,,,,,,,,,,,,,,,,,,,,,,
CeeDee Lamb,95.5,-110,95.5,-110,2023-08-16 18:17:55.145871,1100.5,-110,1100.5,-110,2023-08-16 18:18:06.639870,7.5,-120,7.5,+100,2023-08-16 18:18:15.558373,,,,,,,,,,,,,,,,,,,,,,,,,
Calvin Ridley,70.5,-110,70.5,-110,2023-08-16 18:17:55.145871,900.5,-110,900.5,-110,2023-08-16 18:18:06.639870,6.5,+120,6.5,-140,2023-08-16 18:18:15.558373,,,,,,,,,,,,,,,,,,,,,,,,,
Chris Godwin,80.5,-110,80.5,-110,2023-08-16 18:17:55.145871,800.5,-130,800.5,+110,2023-08-16 18:18:06.639870,4.5,-130,4.5,+105,2023-08-16 18:18:15.558373,,,,,,,,,,,,,,,,,,,,,,,,,
Chris Olave,75.5,-110,75.5,-110,2023-08-16 18:17:55.145871,1050.5,-105,1050.5,-115,2023-08-16 18:18:06.639870,5.5,+100,5.5,-120,2023-08-16 18:18:15.558373,,,,,,,,,,,,,,,,,,,,,,,,,
Christian Kirk,70.5,-110,70.5,-110,2023-08-16 18:17:55.145871,825.5,-105,825.5,-115,2023-08-16 18:18:06.639870,5.5,+110,5.5,-130,2023-08-16 18:18:15.558373,,,,,,,,,,,,,,,,,,,,,,,,,
Christian Watson,62.5,-110,62.5,-110,2023-08-16 18:17:55.145871,825.5,-105,825.5,-115,2023-08-16 18:18:06.639870,4.5,-160,4.5,+140,2023-08-16 18:18:15.558373,,,,,,,,,,,,,,,,,,,,,,,,,
Cooper Kupp,107.5,-125,107.5,+105,2023-08-16 18:17:55.145871,1250.5,-110,1250.5,-110,2023-08-16 18:18:06.639870,9.5,+105,9.5,-125,2023-08-16 18:18:15.558373,,,,,,,,,,,,,,,,,,,,,,,,,
Courtland Sutton,55.5,-110,55.5,-110,2023-08-16 18:17:55.145871,700.5,-115,700.5,-105,2023-08-16 18:18:06.639870,4.5,+100,4.5,-120,2023-08-16 18:18:15.558373,,,,,,,,,,,,,,,,,,,,,,,,,
Dallas Goedert,57.5,-110,57.5,-110,2023-08-16 18:17:55.145871,675.5,-130,675.5,+110,2023-08-16 18:18:06.639870,3.5,-130,3.5,+110,2023-08-16 18:18:15.558373,,,,,,,,,,,,,,,,,,,,,,,,,
Dalton Schultz,52.5,-110,52.5,-110,2023-08-16 18:17:55.145871,550.5,-105,550.5,-115,2023-08-16 18:18:06.639870,,,,,,,,,,,,,,,,,,,,,,,,,,,,,,
Darren Waller,60.5,-110,60.5,-110,2023-08-16 18:17:55.145871,700.5,-115,700.5,-105,2023-08-16 18:18:06.639870,4.5,+105,4.5,-125,2023-08-16 18:18:15.558373,,,,,,,,,,,,,,,,,,,,,,,,,
David Njoku,50.5,-110,50.5,-110,2023-08-16 18:17:55.145871,550.5,-105,550.5,-115,2023-08-16 18:18:06.639870,,,,,,,,,,,,,,,,,,,,,,,,,,,,,,
Dawson Knox,39.5,-110,39.5,-110,2023-08-16 18:17:55.145871,425.5,+100,425.5,-120,2023-08-16 18:18:06.639870,4.5,+125,4.5,-145,2023-08-16 18:18:15.558373,,,,,,,,,,,,,,,,,,,,,,,,,
DeVonta Smith,80.5,+100,80.5,-120,2023-08-16 18:17:55.145871,975.5,-110,975.5,-110,2023-08-16 18:18:06.639870,6.5,-120,6.5,+100,2023-08-16 18:18:15.558373,,,,,,,,,,,,,,,,,,,,,,,,,
Deebo Samuel,59.5,-110,59.5,-110,2023-08-16 18:17:55.145871,725.5,-140,725.5,+120,2023-08-16 18:18:06.639870,4.5,-110,4.5,-110,2023-08-16 18:18:15.558373,,,,,,,,,,,,,,,,,,,,,,,,,
DK Metcalf,75.5,+100,75.5,-120,2023-08-16 18:17:55.145871,900.5,-110,900.5,-110,2023-08-16 18:18:06.639870,7.5,-125,7.5,+105,2023-08-16 18:18:15.558373,,,,,,,,,,,,,,,,,,,,,,,,,
D.J. Moore,62.5,-110,62.5,-110,2023-08-16 18:17:55.145871,800.5,-125,800.5,+105,2023-08-16 18:18:06.639870,4.5,-110,4.5,-110,2023-08-16 18:18:15.558373,,,,,,,,,,,,,,,,,,,,,,,,,
Donovan Peoples-Jones,40.5,-110,40.5,-110,2023-08-16 18:17:55.145871,550.5,-115,550.5,-105,2023-08-16 18:18:06.639870,,,,,,,,,,,,,,,,,,,,,,,,,,,,,,
Diontae Johnson,82.5,-110,82.5,-110,2023-08-16 18:17:55.145871,825.5,-105,825.5,-115,2023-08-16 18:18:06.639870,,,,,,,,,,,,,,,,,,,,,,,,,,,,,,
DJ Chark,48.5,-110,48.5,-110,2023-08-16 18:17:55.145871,675.5,-110,675.5,-110,2023-08-16 18:18:06.639870,,,,,,,,,,,,,,,,,,,,,,,,,,,,,,
Drake London,70.5,-115,70.5,-105,2023-08-16 18:17:55.145871,825.5,+100,825.5,-120,2023-08-16 18:18:06.639870,4.5,+100,4.5,-120,2023-08-16 18:18:15.558373,,,,,,,,,,,,,,,,,,,,,,,,,
Elijah Moore,45.5,-110,45.5,-110,2023-08-16 18:17:55.145871,575.5,-110,575.5,-110,2023-08-16 18:18:06.639870,,,,,,,,,,,,,,,,,,,,,,,,,,,,,,
Evan Engram,63.5,+120,63.5,-140,2023-08-16 18:17:55.145871,640.5,-105,640.5,-115,2023-08-16 18:18:06.639870,3.5,-115,3.5,-105,2023-08-16 18:18:15.558373,,,,,,,,,,,,,,,,,,,,,,,,,
Gabe Davis,50.5,-110,50.5,-110,2023-08-16 18:17:55.145871,775.5,-105,775.5,-115,2023-08-16 18:18:06.639870,6.5,+110,6.5,-130,2023-08-16 18:18:15.558373,,,,,,,,,,,,,,,,,,,,,,,,,
Garrett Wilson,86.5,+105,86.5,-125,2023-08-16 18:17:55.145871,1150.5,-115,1150.5,-105,2023-08-16 18:18:06.639870,8.5,+120,8.5,-140,2023-08-16 18:18:15.558373,,,,,,,,,,,,,,,,,,,,,,,,,
George Kittle,57.5,-110,57.5,-110,2023-08-16 18:17:55.145871,725.5,+100,725.5,-120,2023-08-16 18:18:06.639870,5.5,+100,5.5,-120,2023-08-16 18:18:15.558373,,,,,,,,,,,,,,,,,,,,,,,,,
George Pickens,55.5,-115,55.5,-105,2023-08-16 18:17:55.145871,750.5,-115,750.5,-105,2023-08-16 18:18:06.639870,4.5,-120,4.5,+100,2023-08-16 18:18:15.558373,,,,,,,,,,,,,,,,,,,,,,,,,
Ja'Marr Chase,95.5,-110,95.5,-110,2023-08-16 18:17:55.145871,1275.5,-105,1275.5,-115,2023-08-16 18:18:06.639870,10.5,+100,10.5,-120,2023-08-16 18:18:15.558373,,,,,,,,,,,,,,,,,,,,,,,,,
Jahan Dotson,50.5,-110,50.5,-110,2023-08-16 18:17:55.145871,700.5,-110,700.5,-110,2023-08-16 18:18:06.639870,4.5,+100,4.5,-120,2023-08-16 18:18:15.558373,,,,,,,,,,,,,,,,,,,,,,,,,
Jaxon Smith-Njigba,57.5,-110,57.5,-110,2023-08-16 18:17:55.145871,725.5,-110,725.5,-110,2023-08-16 18:18:06.639870,,,,,,,,,,,,,,,,,,,,,,,,,,,,,,
Jaylen Waddle,85.5,-110,85.5,-110,2023-08-16 18:17:55.145871,1075.5,+100,1075.5,-120,2023-08-16 18:18:06.639870,7.5,+110,7.5,-130,2023-08-16 18:18:15.558373,,,,,,,,,,,,,,,,,,,,,,,,,
Jerry Jeudy,67.5,-130,67.5,+110,2023-08-16 18:17:55.145871,925.5,-130,925.5,+110,2023-08-16 18:18:06.639870,5.5,+100,5.5,-120,2023-08-16 18:18:15.558373,,,,,,,,,,,,,,,,,,,,,,,,,
Justin Jefferson,105.5,-110,105.5,-110,2023-08-16 18:17:55.145871,1400.5,-110,1400.5,-110,2023-08-16 18:18:06.639870,8.5,-110,8.5,-110,2023-08-16 18:18:15.558373,,,,,,,,,,,,,,,,,,,,,,,,,
Keenan Allen,85.5,-105,85.5,-115,2023-08-16 18:17:55.145871,875.5,-110,875.5,-110,2023-08-16 18:18:06.639870,5.5,+100,5.5,-120,2023-08-16 18:18:15.558373,,,,,,,,,,,,,,,,,,,,,,,,,
Kyle Pitts,52.5,-110,52.5,-110,2023-08-16 18:17:55.145871,700.5,-120,700.5,+100,2023-08-16 18:18:06.639870,4.5,+100,4.5,-120,2023-08-16 18:18:15.558373,,,,,,,,,,,,,,,,,,,,,,,,,
Marquise Brown,70.5,-110,70.5,-110,2023-08-16 18:17:55.145871,800.5,-110,800.5,-110,2023-08-16 18:18:06.639870,4.5,+110,4.5,-130,2023-08-16 18:18:15.558373,,,,,,,,,,,,,,,,,,,,,,,,,
Michael Pittman Jr.,74.5,+110,74.5,-130,2023-08-16 18:17:55.145871,800.5,+100,800.5,-120,2023-08-16 18:18:06.639870,4.5,+125,4.5,-145,2023-08-16 18:18:15.558373,,,,,,,,,,,,,,,,,,,,,,,,,
Michael Gallup,49.5,-110,49.5,-110,2023-08-16 18:17:55.145871,600.5,-110,600.5,-110,2023-08-16 18:18:06.639870,4.5,+100,4.5,-120,2023-08-16 18:18:15.558373,,,,,,,,,,,,,,,,,,,,,,,,,
Mike Evans,65.5,+105,65.5,-125,2023-08-16 18:17:55.145871,925.5,+115,925.5,-140,2023-08-16 18:18:06.639870,6.5,+120,6.5,-145,2023-08-16 18:18:15.558373,,,,,,,,,,,,,,,,,,,,,,,,,
Mike Williams,57.5,-135,57.5,+115,2023-08-16 18:17:55.145871,800.5,-115,800.5,-105,2023-08-16 18:18:06.639870,5.5,+100,5.5,-120,2023-08-16 18:18:15.558373,,,,,,,,,,,,,,,,,,,,,,,,,
Nico Collins,45.5,-115,45.5,-105,2023-08-16 18:17:55.145871,585.5,-125,585.5,+105,2023-08-16 18:18:06.639870,,,,,,,,,,,,,,,,,,,,,,,,,,,,,,
Odell Beckham Jr.,40.5,-135,40.5,+115,2023-08-16 18:17:55.145871,575.5,-110,575.5,-110,2023-08-16 18:18:06.639870,4.5,+130,4.5,-150,2023-08-16 18:18:15.558373,,,,,,,,,,,,,,,,,,,,,,,,,
Pat Freiermuth,59.5,-110,59.5,-110,2023-08-16 18:17:55.145871,650.5,+105,650.5,-125,2023-08-16 18:18:06.639870,,,,,,,,,,,,,,,,,,,,,,,,,,,,,,
Robert Woods,50.5,-110,50.5,-110,2023-08-16 18:17:55.145871,540.5,-105,540.5,-115,2023-08-16 18:18:06.639870,,,,,,,,,,,,,,,,,,,,,,,,,,,,,,
Romeo Doubs,47.5,-110,47.5,-110,2023-08-16 18:17:55.145871,550.5,-110,550.5,-110,2023-08-16 18:18:06.639870,,,,,,,,,,,,,,,,,,,,,,,,,,,,,,
Stefon Diggs,99.5,-110,99.5,-110,2023-08-16 18:17:55.145871,1125.5,-115,1125.5,-105,2023-08-16 18:18:06.639870,8.5,-130,8.5,+110,2023-08-16 18:18:15.558373,,,,,,,,,,,,,,,,,,,,,,,,,
Tee Higgins,70.5,-130,70.5,+110,2023-08-16 18:17:55.145871,1000.5,-110,1000.5,-110,2023-08-16 18:18:06.639870,6.5,-120,6.5,+100,2023-08-16 18:18:15.558373,,,,,,,,,,,,,,,,,,,,,,,,,
Terry McLaurin,72.5,-110,72.5,-110,2023-08-16 18:17:55.145871,900.5,-130,900.5,+110,2023-08-16 18:18:06.639870,4.5,-110,4.5,-110,2023-08-16 18:18:15.558373,,,,,,,,,,,,,,,,,,,,,,,,,
Travis Kelce,95.5,-110,95.5,-110,2023-08-16 18:17:55.145871,1150.5,+115,1150.5,-140,2023-08-16 18:18:06.639870,9.5,-130,9.5,+110,2023-08-16 18:18:15.558373,,,,,,,,,,,,,,,,,,,,,,,,,
Tyler Boyd,57.5,-110,57.5,-110,2023-08-16 18:17:55.145871,675.5,-110,675.5,-110,2023-08-16 18:18:06.639870,4.5,-110,4.5,-110,2023-08-16 18:18:15.558373,,,,,,,,,,,,,,,,,,,,,,,,,
Tyler Higbee,57.5,-110,57.5,-110,2023-08-16 18:17:55.145871,500.5,-110,500.5,-110,2023-08-16 18:18:06.639870,4.5,-110,4.5,-110,2023-08-16 18:18:15.558373,,,,,,,,,,,,,,,,,,,,,,,,,
Tyler Lockett,72.5,+100,72.5,-120,2023-08-16 18:17:55.145871,875.5,+100,875.5,-120,2023-08-16 18:18:06.639870,6.5,+125,6.5,-145,2023-08-16 18:18:15.558373,,,,,,,,,,,,,,,,,,,,,,,,,
Tyreek Hill,102.5,-110,102.5,-110,2023-08-16 18:17:55.145871,1300.5,+105,1300.5,-125,2023-08-16 18:18:06.639870,7.5,-135,7.5,+115,2023-08-16 18:18:15.558373,,,,,,,,,,,,,,,,,,,,,,,,,
Isaiah Hodgins,,,,,,500.5,-115,500.5,-105,2023-08-16 18:18:06.639870,,,,,,,,,,,,,,,,,,,,,,,,,,,,,,
JuJu Smith-Schuster,,,,,,700.5,-105,700.5,-115,2023-08-16 18:18:06.639870,4.5,+100,4.5,-125,2023-08-16 18:18:15.558373,,,,,,,,,,,,,,,,,,,,,,,,,
Mark Andrews,,,,,,825.5,+100,825.5,-130,2023-08-16 18:18:06.639870,6.5,-110,6.5,-110,2023-08-16 18:18:15.558373,,,,,,,,,,,,,,,,,,,,,,,,,
Quentin Johnston,,,,,,575.5,-110,575.5,-110,2023-08-16 18:18:06.639870,,,,,,,,,,,,,,,,,,,,,,,,,,,,,,
Juwan Johnson,,,,,,,,,,,3.5,-110,3.5,-110,2023-08-16 18:18:15.558373,,,,,,,,,,,,,,,,,,,,,,,,,
Michael Thomas,,,,,,,,,,,4.5,+100,4.5,-120,2023-08-16 18:18:15.558373,,,,,,,,,,,,,,,,,,,,,,,,,
T.J. Hockenson,,,,,,,,,,,5.5,+100,5.5,-120,2023-08-16 18:18:15.558373,,,,,,,,,,,,,,,,,,,,,,,,,
Van Jefferson,,,,,,,,,,,4.5,+140,4.5,-165,2023-08-16 18:18:15.558373,,,,,,,,,,,,,,,,,,,,,,,,,
Jahmyr Gibbs,,,,,,,,,,,,,,,,625.5,-110,625.5,-110,2023-08-16 18:18:28.777984,,,,,,,,,,,,,,,,,,,,
Aaron Jones,,,,,,,,,,,,,,,,800.5,-110,800.5,-110,2023-08-16 18:18:28.777984,5.5,+115,5.5,-130,2023-08-16 18:18:37.676001,,,,,,,,,,,,,,,
Alvin Kamara,,,,,,,,,,,,,,,,600.5,+110,600.5,-130,2023-08-16 18:18:28.777984,,,,,,,,,,,,,,,,,,,,
Alexander Mattison,,,,,,,,,,,,,,,,900.5,+105,900.5,-125,2023-08-16 18:18:28.777984,6.5,-105,6.5,-115,2023-08-16 18:18:37.676001,,,,,,,,,,,,,,,
Dalvin Cook,,,,,,,,,,,,,,,,625.5,+100,625.5,-120,2023-08-16 18:18:28.777984,5.5,+115,5.5,-135,2023-08-16 18:18:37.676001,,,,,,,,,,,,,,,
A.J. Dillon,,,,,,,,,,,,,,,,725.5,-110,725.5,-110,2023-08-16 18:18:28.777984,6.5,+100,6.5,-120,2023-08-16 18:18:37.676001,,,,,,,,,,,,,,,
Austin Ekeler,,,,,,,,,,,,,,,,775.5,-120,775.5,+100,2023-08-16 18:18:28.777984,8.5,-105,8.5,-115,2023-08-16 18:18:37.676001,,,,,,,,,,,,,,,
Bijan Robinson,,,,,,,,,,,,,,,,1100.5,+100,1100.5,-120,2023-08-16 18:18:28.777984,8.5,-110,8.5,-110,2023-08-16 18:18:37.676001,,,,,,,,,,,,,,,
Brian Robinson Jr.,,,,,,,,,,,,,,,,750.5,+130,750.5,-135,2023-08-16 18:18:28.777984,6.5,+150,6.5,-175,2023-08-16 18:18:37.676001,,,,,,,,,,,,,,,
Christian McCaffrey,,,,,,,,,,,,,,,,900.5,-110,900.5,-110,2023-08-16 18:18:28.777984,7.5,-105,7.5,-115,2023-08-16 18:18:37.676001,,,,,,,,,,,,,,,
Cam Akers,,,,,,,,,,,,,,,,750.5,-110,750.5,-110,2023-08-16 18:18:28.777984,6.5,+105,6.5,-125,2023-08-16 18:18:37.676001,,,,,,,,,,,,,,,
Saquon Barkley,,,,,,,,,,,,,,,,1050.5,-110,1050.5,-110,2023-08-16 18:18:28.777984,7.5,-110,7.5,-110,2023-08-16 18:18:37.676001,,,,,,,,,,,,,,,
Daniel Jones,,,,,,,,,,,,,,,,575.5,+100,575.5,-120,2023-08-16 18:18:28.777984,,,,,,3300.5,+100,3300.5,-120,2023-08-16 18:18:47.777816,17.5,-120,17.5,+100,2023-08-16 18:18:56.713498,8.5,-110,8.5,-110,2023-08-16 18:19:05.657847
Dameon Pierce,,,,,,,,,,,,,,,,900.5,-105,900.5,-115,2023-08-16 18:18:28.777984,5.5,+110,5.5,-130,2023-08-16 18:18:37.676001,,,,,,,,,,,,,,,
Derrick Henry,,,,,,,,,,,,,,,,1150.5,-110,1150.5,-110,2023-08-16 18:18:28.777984,9.5,-110,9.5,-110,2023-08-16 18:18:37.676001,,,,,,,,,,,,,,,
David Montgomery,,,,,,,,,,,,,,,,750.5,+100,750.5,-120,2023-08-16 18:18:28.777984,6.5,+105,6.5,-125,2023-08-16 18:18:37.676001,,,,,,,,,,,,,,,
D'Andre Swift,,,,,,,,,,,,,,,,500.5,-115,500.5,-105,2023-08-16 18:18:28.777984,4.5,+100,4.5,-120,2023-08-16 18:18:37.676001,,,,,,,,,,,,,,,
Isiah Pacheco,,,,,,,,,,,,,,,,775.5,-115,775.5,-105,2023-08-16 18:18:28.777984,5.5,-110,5.5,-110,2023-08-16 18:18:37.676001,,,,,,,,,,,,,,,
Jalen Hurts,,,,,,,,,,,,,,,,700.5,-110,700.5,-110,2023-08-16 18:18:28.777984,9.5,-130,9.5,+110,2023-08-16 18:18:37.676001,3700.5,-110,3700.5,-110,2023-08-16 18:18:47.777816,22.5,-110,22.5,-110,2023-08-16 18:18:56.713498,8.5,-110,8.5,-110,2023-08-16 18:19:05.657847
J.K. Dobbins,,,,,,,,,,,,,,,,750.5,+100,750.5,-120,2023-08-16 18:18:28.777984,6.5,+110,6.5,-130,2023-08-16 18:18:37.676001,,,,,,,,,,,,,,,
James Conner,,,,,,,,,,,,,,,,725.5,+100,725.5,-120,2023-08-16 18:18:28.777984,6.5,+105,6.5,-125,2023-08-16 18:18:37.676001,,,,,,,,,,,,,,,
James Cook,,,,,,,,,,,,,,,,675.5,-105,675.5,-120,2023-08-16 18:18:28.777984,3.5,+100,3.5,-120,2023-08-16 18:18:37.676001,,,,,,,,,,,,,,,
Ezekiel Elliott,,,,,,,,,,,,,,,,425.5,+105,425.5,-125,2023-08-16 18:18:28.777984,4.5,+100,4.5,-120,2023-08-16 18:18:37.676001,,,,,,,,,,,,,,,
Josh Allen,,,,,,,,,,,,,,,,550.5,-110,550.5,-110,2023-08-16 18:18:28.777984,6.5,-125,6.5,+105,2023-08-16 18:18:37.676001,4350.5,+100,4350.5,-120,2023-08-16 18:18:47.777816,32.5,+100,32.5,-120,2023-08-16 18:18:56.713498,13.5,-120,13.5,+100,2023-08-16 18:19:05.657847
Joe Mixon,,,,,,,,,,,,,,,,825.5,-110,825.5,-110,2023-08-16 18:18:28.777984,7.5,+110,7.5,-130,2023-08-16 18:18:37.676001,,,,,,,,,,,,,,,
Justin Fields,,,,,,,,,,,,,,,,800.5,-110,800.5,-110,2023-08-16 18:18:28.777984,6.5,-110,6.5,-110,2023-08-16 18:18:37.676001,2850.5,-110,2850.5,-110,2023-08-16 18:18:47.777816,18.5,+110,18.5,-130,2023-08-16 18:18:56.713498,10.5,-110,10.5,-110,2023-08-16 18:19:05.657847
Lamar Jackson,,,,,,,,,,,,,,,,725.5,-110,725.5,-110,2023-08-16 18:18:28.777984,5.5,+105,5.5,-125,2023-08-16 18:18:37.676001,3500.5,+100,3500.5,-120,2023-08-16 18:18:47.777816,23.5,-110,23.5,-110,2023-08-16 18:18:56.713498,9.5,-110,9.5,-110,2023-08-16 18:19:05.657847
Miles Sanders,,,,,,,,,,,,,,,,925.5,-105,925.5,-115,2023-08-16 18:18:28.777984,6.5,+110,6.5,-130,2023-08-16 18:18:37.676001,,,,,,,,,,,,,,,
Najee Harris,,,,,,,,,,,,,,,,975.5,-105,975.5,-115,2023-08-16 18:18:28.777984,7.5,+125,7.5,-145,2023-08-16 18:18:37.676001,,,,,,,,,,,,,,,
Nick Chubb,,,,,,,,,,,,,,,,1225.5,-110,1225.5,-110,2023-08-16 18:18:28.777984,8.5,-135,8.5,+115,2023-08-16 18:18:37.676001,,,,,,,,,,,,,,,
Rachaad White,,,,,,,,,,,,,,,,700.5,-110,700.5,-110,2023-08-16 18:18:28.777984,4.5,-110,4.5,-110,2023-08-16 18:18:37.676001,,,,,,,,,,,,,,,
Rashaad Penny,,,,,,,,,,,,,,,,600.5,-110,600.5,-110,2023-08-16 18:18:28.777984,,,,,,,,,,,,,,,,,,,,
Rhamondre Stevenson,,,,,,,,,,,,,,,,850.5,-110,850.5,-110,2023-08-16 18:18:28.777984,5.5,-110,5.5,-110,2023-08-16 18:18:37.676001,,,,,,,,,,,,,,,
Tony Pollard,,,,,,,,,,,,,,,,1050.5,+100,1050.5,-120,2023-08-16 18:18:28.777984,8.5,+120,8.5,-140,2023-08-16 18:18:37.676001,,,,,,,,,,,,,,,
Travis Etienne Jr.,,,,,,,,,,,,,,,,950.5,+100,950.5,-120,2023-08-16 18:18:28.777984,6.5,+140,6.5,-165,2023-08-16 18:18:37.676001,,,,,,,,,,,,,,,
Raheem Mostert,,,,,,,,,,,,,,,,500.5,+100,500.5,-120,2023-08-16 18:18:28.777984,,,,,,,,,,,,,,,,,,,,
Anthony Richardson,,,,,,,,,,,,,,,,,,,,,,,,,,2800.5,-110,2800.5,-110,2023-08-16 18:18:47.777816,16.5,-110,16.5,-110,2023-08-16 18:18:56.713498,,,,,
Aaron Rodgers,,,,,,,,,,,,,,,,,,,,,,,,,,3950.5,-110,3950.5,-110,2023-08-16 18:18:47.777816,28.5,-105,28.5,-115,2023-08-16 18:18:56.713498,9.5,+100,9.5,-120,2023-08-16 18:19:05.657847
Bryce Young,,,,,,,,,,,,,,,,,,,,,,,,,,3400.5,-115,3400.5,-115,2023-08-16 18:18:47.777816,22.5,+120,22.5,-140,2023-08-16 18:18:56.713498,,,,,
C.J. Stroud,,,,,,,,,,,,,,,,,,,,,,,,,,3050.5,-110,3050.5,-110,2023-08-16 18:18:47.777816,17.5,-105,17.5,-115,2023-08-16 18:18:56.713498,,,,,
Dak Prescott,,,,,,,,,,,,,,,,,,,,,,,,,,4000.5,+105,4000.5,-125,2023-08-16 18:18:47.777816,26.5,+100,26.5,-120,2023-08-16 18:18:56.713498,12.5,+110,12.5,-135,2023-08-16 18:19:05.657847
Derek Carr,,,,,,,,,,,,,,,,,,,,,,,,,,3700.5,-110,3700.5,-110,2023-08-16 18:18:47.777816,23.5,+110,23.5,-130,2023-08-16 18:18:56.713498,11.5,-120,11.5,+100,2023-08-16 18:19:05.657847
Deshaun Watson,,,,,,,,,,,,,,,,,,,,,,,,,,3650.5,-120,3650.5,+100,2023-08-16 18:18:47.777816,25.5,-110,25.5,-110,2023-08-16 18:18:56.713498,11.5,-120,11.5,+100,2023-08-16 18:19:05.657847
Desmond Ridder,,,,,,,,,,,,,,,,,,,,,,,,,,2600.5,-105,2600.5,-115,2023-08-16 18:18:47.777816,15.5,+100,15.5,-120,2023-08-16 18:18:56.713498,,,,,
Geno Smith,,,,,,,,,,,,,,,,,,,,,,,,,,3900.5,-105,3900.5,-115,2023-08-16 18:18:47.777816,26.5,-110,26.5,-110,2023-08-16 18:18:56.713498,11.5,+110,11.5,-130,2023-08-16 18:19:05.657847
Jared Goff,,,,,,,,,,,,,,,,,,,,,,,,,,4000.5,-105,4000.5,-115,2023-08-16 18:18:47.777816,25.5,+100,25.5,-120,2023-08-16 18:18:56.713498,11.5,-110,11.5,-110,2023-08-16 18:19:05.657847
Joe Burrow,,,,,,,,,,,,,,,,,,,,,,,,,,4425.5,+100,4425.5,-120,2023-08-16 18:18:47.777816,33.5,+100,33.5,-120,2023-08-16 18:18:56.713498,12.5,+100,12.5,-120,2023-08-16 18:19:05.657847
Jordan Love,,,,,,,,,,,,,,,,,,,,,,,,,,3350.5,+125,3350.5,-145,2023-08-16 18:18:47.777816,21.5,-110,21.5,-110,2023-08-16 18:18:56.713498,12.5,-110,12.5,-110,2023-08-16 18:19:05.657847
Justin Herbert,,,,,,,,,,,,,,,,,,,,,,,,,,4450.5,-115,4450.5,-105,2023-08-16 18:18:47.777816,29.5,-110,29.5,-110,2023-08-16 18:18:56.713498,10.5,-110,10.5,-110,2023-08-16 18:19:05.657847
Kenny Pickett,,,,,,,,,,,,,,,,,,,,,,,,,,3300.5,-120,3300.5,+100,2023-08-16 18:18:47.777816,18.5,+100,18.5,-120,2023-08-16 18:18:56.713498,11.5,-110,11.5,-110,2023-08-16 18:19:05.657847
Kirk Cousins,,,,,,,,,,,,,,,,,,,,,,,,,,4300.5,+100,4300.5,-120,2023-08-16 18:18:47.777816,28.5,-110,28.5,-110,2023-08-16 18:18:56.713498,12.5,-110,12.5,-110,2023-08-16 18:19:05.657847
Mac Jones,,,,,,,,,,,,,,,,,,,,,,,,,,3199.5,-110,3199.5,-110,2023-08-16 18:18:47.777816,19.5,+110,19.5,-130,2023-08-16 18:18:56.713498,11.5,-110,11.5,-110,2023-08-16 18:19:05.657847
Matthew Stafford,,,,,,,,,,,,,,,,,,,,,,,,,,3700.5,-110,3700.5,-110,2023-08-16 18:18:47.777816,22.5,-110,22.5,-110,2023-08-16 18:18:56.713498,12.5,+140,12.5,-165,2023-08-16 18:19:05.657847
Patrick Mahomes,,,,,,,,,,,,,,,,,,,,,,,,,,4800.5,-105,4800.5,-115,2023-08-16 18:18:47.777816,36.5,-110,36.5,-110,2023-08-16 18:18:56.713498,11.5,-120,11.5,+100,2023-08-16 18:19:05.657847
Russell Wilson,,,,,,,,,,,,,,,,,,,,,,,,,,3750.5,+120,3750.5,-140,2023-08-16 18:18:47.777816,24.5,-120,24.5,+100,2023-08-16 18:18:56.713498,10.5,-110,10.5,-110,2023-08-16 18:19:05.657847
Ryan Tannehill,,,,,,,,,,,,,,,,,,,,,,,,,,3075.5,+100,3075.5,-120,2023-08-16 18:18:47.777816,19.5,+120,19.5,-140,2023-08-16 18:18:56.713498,,,,,
Trevor Lawrence,,,,,,,,,,,,,,,,,,,,,,,,,,4050.5,-115,4050.5,-105,2023-08-16 18:18:47.777816,26.5,-110,26.5,-110,2023-08-16 18:18:56.713498,10.5,-110,10.5,-110,2023-08-16 18:19:05.657847
Tua Tagovailoa,,,,,,,,,,,,,,,,,,,,,,,,,,3850.5,+100,3850.5,-120,2023-08-16 18:18:47.777816,26.5,-105,26.5,-115,2023-08-16 18:18:56.713498,10.5,-110,10.5,-110,2023-08-16 18:19:05.657847
Jimmy Garoppolo,,,,,,,,,,,,,,,,,,,,,,,,,,3300.5,+100,3300.5,-120,2023-08-16 18:18:47.777816,,,,,,,,,,
